Date,Open,High,Low,Close,Change(Pips),Change(%)
7/23/2024 0:00,2395.56,2397.27,2395.56,2397.26,170,0.07
7/22/2024 23:30,2395.4,2395.89,2394.1,2395.55,15,0.01
7/22/2024 23:00,2395.07,2396.02,2394.96,2395.61,54,0.02
7/22/2024 22:30,2396.01,2396.46,2395.16,2395.18,-83,-0.03
7/22/2024 22:00,2396.93,2397.79,2396.08,2396.08,-85,-0.04
7/22/2024 21:00,2396.3,2396.5,2396.3,2396.5,20,0.01
7/22/2024 20:30,2398.67,2398.67,2395.7,2396.3,-237,-0.1
7/22/2024 20:00,2398.63,2399.28,2398.17,2398.65,2,0
7/22/2024 19:30,2397.01,2399.92,2396.63,,160,0.07
7/22/2024 19:00,2395.38,2397.36,2395.23,2397.16,178,0.07
7/22/2024 18:30,2394.71,2396.39,2394.08,2395.54,83,0.03
7/22/2024 18:00,2393.97,2394.98,2392.53,2394.98,101,0.04
7/22/2024 17:30,2393.23,2394.56,2392.8,2393.97,74,0.03
7/22/2024 17:00,2393.17,2396.11,2391.8,2393.14,-3,0
7/22/2024 16:30,2388.21,2393.1,2388.08,2392.66,445,0.19
7/22/2024 16:00,2386.22,2389.08,2386.22,2388.65,243,0.1
7/22/2024 15:30,2386.39,2387.34,2384.45,2385.75,-64,-0.03
7/22/2024 15:00,2387.28,2390.24,2384.77,2385.99,-129,-0.05
7/22/2024 14:30,2386.83,2388.89,2384.34,2387.16,33,0.01
7/22/2024 14:00,2391.78,2394.53,2386.48,2386.48,-530,-0.22
7/22/2024 13:30,2396.29,2398.45,2391.76,2392.68,-361,-0.15
7/22/2024 13:00,2395.16,2399.68,2394.4,2396.55,139,0.06
7/22/2024 12:30,2397.02,2397.25,2389.06,2393.98,-304,-0.13
7/22/2024 12:00,2397.56,2399.29,2393.83,2396.81,-75,-0.03
7/22/2024 11:30,2403.64,2404.25,2398.1,2398.4,-524,-0.22
7/22/2024 11:00,2406.67,2407.42,2402.33,2403.14,-353,-0.15
7/22/2024 10:30,2405.28,2408.06,2404.79,2406.78,150,0.06
7/22/2024 10:00,2404.16,2405.51,2403.76,2405.05,89,0.04
7/22/2024 9:30,2402.32,2405.38,2400.32,2404.56,224,0.09
7/22/2024 9:00,2400.07,2403.06,2399.91,2402.36,229,0.1
7/22/2024 8:30,2403.65,2404.48,2400.07,2400.68,-297,-0.12
7/22/2024 8:00,2402.71,2404.21,2400.72,2403.51,80,0.03
7/22/2024 7:30,2402.93,2403.97,2401.39,2402.68,-25,-0.01
7/22/2024 7:00,2401.81,2404.32,2399.85,2402.4,59,0.02
7/22/2024 6:30,2401.57,2405.06,2400.94,2402.17,60,0.02
7/22/2024 6:00,2402.53,2404.7,2399.71,2402.23,-30,-0.01
7/22/2024 5:30,2403.98,2406.21,2402.85,2402.85,-113,-0.05
7/22/2024 5:00,2405.43,2407.19,2403.35,2404.15,-128,-0.05
7/22/2024 4:30,2405.03,2405.64,2402.4,2405.56,53,0.02
7/22/2024 4:00,2406.84,2406.97,2403.8,2405.22,-162,-0.07
7/22/2024 3:30,2408.89,2409.31,2405.84,2406.7,-219,-0.09
7/22/2024 3:00,2406.48,2409.13,2406.48,2408.89,241,0.1
7/22/2024 2:30,2405.58,2407.76,2404,2406.59,101,0.04
7/22/2024 2:00,2405.6,2406.67,2403.68,2405.2,-40,-0.02
7/22/2024 1:30,2410.71,2411.92,2406.34,2406.43,-428,-0.18
7/22/2024 1:00,2407.81,2411.68,2405.77,2410.44,263,0.11
7/22/2024 0:30,2408.86,2409.77,2407.31,2407.83,-103,-0.04
7/22/2024 0:00,2411.34,2411.44,2406.87,2408.93,-241,-0.1
7/21/2024 23:30,2409.7,2411.7,2406.87,2408.93,-77,-0.03
7/21/2024 23:00,2410.77,2411.45,2409.07,2410.57,-20,-0.01
7/21/2024 22:30,2410.2,2411.44,2408.1,2410.97,77,0.03
7/21/2024 22:00,2402.62,2410.86,2401.6,2410.52,790,0.33
7/21/2024 21:00,2401.15,2401.15,2401.15,2401.15,0,0
7/19/2024 20:30,2399.62,2400.59,2397.1,2400.59,97,0.04
7/19/2024 20:00,2398.25,2399.56,2397.67,2399.56,131,0.05
7/19/2024 19:30,2398.21,2399.86,2397.09,2398.34,13,0.01
7/19/2024 19:00,2398.37,2399.33,2397.81,2397.98,-39,-0.02
7/19/2024 18:30,2398.75,2398.75,2397.29,2398.61,-14,-0.01
7/19/2024 18:00,2399.31,2400,2397.44,2398.18,-113,-0.05
7/19/2024 17:30,2398.64,2400.61,2395.83,2399.06,42,0.02
7/19/2024 17:00,2399.22,2400.56,2397.04,2397.04,-218,-0.09
7/19/2024 16:30,2402.7,2403.27,2399.45,2399.56,-314,-0.13
7/19/2024 16:00,2405.4,2405.68,2401.57,2402.2,-320,-0.13
7/19/2024 15:30,2404.27,2406.29,2402.93,2405.32,105,0.04
7/19/2024 15:00,2398.72,2407.59,2397.71,2404.02,530,0.22
7/19/2024 14:30,2401.78,2403.05,2396.37,2397.81,-397,-0.17
7/19/2024 14:00,2404.28,2404.28,2399.32,2401.1,-318,-0.13
7/19/2024 13:30,2396.98,2406.2,2395.24,2403.68,670,0.28
7/19/2024 13:00,2403.87,2404.29,2393.92,2395.8,-807,-0.34
7/19/2024 12:30,2407.5,2407.5,2401.86,2403.5,-400,-0.17
7/19/2024 12:00,2409.91,2409.91,2405.7,2407.28,-263,-0.11
7/19/2024 11:30,2414.2,2414.2,2408.72,2409.82,-438,-0.18
7/19/2024 11:00,2412.56,2413.94,2410.49,2413.79,123,0.05
7/19/2024 10:30,2413.61,2414.87,2411.2,2412.56,-105,-0.04
7/19/2024 10:00,2415.62,2415.84,2411.12,2414.01,-161,-0.07
7/19/2024 9:30,2416.37,2416.77,2414.7,2416.33,-4,0
7/19/2024 9:00,2420.59,2420.84,2416.08,2416.36,-423,-0.18
7/19/2024 8:30,2421.25,2421.35,2418.5,2420.12,-113,-0.05
7/19/2024 8:00,2417.6,2421.1,2415.9,2419.17,157,0.06
7/19/2024 7:30,2417.54,2418.26,2412.99,2417.91,37,0.02
7/19/2024 7:00,2419.83,2421.9,2415.37,2415.58,-425,-0.18
7/19/2024 6:30,2418.17,2421.74,2416.89,2420.31,214,0.09
7/19/2024 6:00,2423.44,2423.69,2414.52,2417.39,-605,-0.25
7/19/2024 5:30,2425.74,2425.74,2421.03,2423.45,-229,-0.09
7/19/2024 5:00,2425.21,2425.86,2422,2425.86,65,0.03
7/19/2024 4:30,2425.96,2426.58,2424.17,2424.55,-141,-0.06
7/19/2024 4:00,2428.52,2429.04,2424.82,2425.96,-256,-0.11
7/19/2024 3:30,2426.59,2429.45,2426.14,2428.62,203,0.08
7/19/2024 3:00,2428.16,2429.02,2425.12,2426.61,-155,-0.06
7/19/2024 2:30,2423.55,2428.29,2422.85,2428.29,474,0.2
7/19/2024 2:00,2425.84,2428.17,2422.78,2423.06,-278,-0.11
7/19/2024 1:30,2425.98,2427.15,2425.2,2426.1,12,0
7/18/2024 22:00,2444.96,2445.15,2444.39,2444.39,-57,-0.02
7/18/2024 21:00,2444.85,2444.85,2444.85,2444.85,0,0
7/18/2024 20:30,2444.17,2445.38,2443.97,2444.85,68,0.03
7/18/2024 20:00,2442.47,2445.35,2441.33,2444.22,175,0.07
7/18/2024 19:30,2441.64,2443.89,2440.44,2442.83,119,0.05
7/18/2024 19:00,2451.56,2451.56,2440.83,2442.64,-892,-0.37
7/18/2024 18:30,2451.79,2452.6,2450.6,2451.4,-39,-0.02
7/18/2024 18:00,2455.5,2455.65,2452.18,2452.4,-310,-0.13
7/18/2024 17:30,2454.01,2457.25,2452.7,2456.21,220,0.09
7/18/2024 17:00,2456.46,2456.46,2451.31,2453.3,-316,-0.13
7/18/2024 16:30,2460.63,2460.63,2455.9,2456.12,-451,-0.18
7/18/2024 16:00,2460.53,2461.94,2456.54,2461.2,67,0.03
7/18/2024 15:30,2465.69,2466.57,2461.36,2461.36,-433,-0.18
7/18/2024 15:00,2467.89,2468.7,2464.1,2465.33,-256,-0.1
7/18/2024 14:30,2462.45,2469.51,2460.38,2468.52,607,0.25
7/18/2024 14:00,2464.14,2466.09,2461.89,2462.83,-131,-0.05
7/18/2024 13:30,2463.4,2465.05,2458.71,2464.4,100,0.04
7/18/2024 13:00,2463.22,2465.98,2460.89,2462.49,-73,-0.03
7/18/2024 12:30,2465.96,2468.41,2462.68,2463.68,-228,-0.09
7/18/2024 12:00,2464.35,2467.49,2464.25,2465.33,98,0.04
7/18/2024 11:30,2463.49,2466.31,2463.42,2464.46,97,0.04
7/18/2024 11:00,2464.14,2464.59,2462.22,2463.51,-63,-0.03
7/18/2024 10:30,2462.38,2466.3,2462.37,2464.21,183,0.07
7/18/2024 10:00,2465.61,2465.61,2461.55,2462.36,-325,-0.13
7/18/2024 9:30,2466.29,2467.66,2465.3,2465.68,-61,-0.02
7/18/2024 9:00,2465.99,2467.06,2464.68,2466.36,37,0.02
7/18/2024 8:30,2470.07,2470.07,2465.59,2465.95,-412,-0.17
7/18/2024 8:00,2471.96,2473.64,2469.8,2470.07,-189,-0.08
7/18/2024 7:30,2472.34,2473.41,2470.98,2471.9,-44,-0.02
7/18/2024 7:00,2471.61,2474.89,2470.8,2472.32,71,0.03
7/18/2024 6:30,2469.08,2472.08,2468.88,2471.46,238,0.1
7/18/2024 6:00,2467.04,2469.23,2464.61,2469.18,214,0.09
7/18/2024 5:30,2469.07,2469.57,2466.02,2466.94,-213,-0.09
7/18/2024 5:00,2465.24,2469.87,2464.92,2468.98,374,0.15
7/18/2024 4:30,2466.76,2467.7,2465.06,2465.24,-152,-0.06
7/18/2024 4:00,2468.01,2468.2,2465.85,2466.7,-131,-0.05
7/18/2024 3:30,2467.3,2468.98,2466.47,2468,70,0.03
7/18/2024 3:00,2465.6,2468.36,2465.23,2467.3,170,0.07
7/18/2024 2:30,2460.84,2466,2460.38,2465.64,480,0.19
7/18/2024 2:00,2462.4,2462.73,2460.33,2460.81,-159,-0.06
7/18/2024 1:30,2462.98,2463.55,2459.37,2462.39,-59,-0.02
7/18/2024 1:00,2458.81,2464.08,2457.57,2462.96,415,0.17
7/18/2024 0:30,2459.02,2460.27,2457.36,2458.86,-16,-0.01
7/18/2024 0:00,2461.38,2461.47,2457.69,2458.99,-239,-0.1
7/17/2024 23:30,2460.57,2461.87,2459.9,2461.32,75,0.03
7/17/2024 23:00,2459.21,2461.32,2459.14,2460.53,132,0.05
7/17/2024 22:30,2458.56,2459.28,2457.99,2459.15,59,0.02
7/17/2024 22:00,2458.43,2459.48,2458.02,2458.77,34,0.01
7/17/2024 20:30,2457.64,2459.39,2457.45,2458.63,99,0.04
7/17/2024 20:00,2458.04,2458.04,2457.25,2457.56,-48,-0.02
7/17/2024 19:30,2457.75,2459.67,2456.99,2458.04,29,0.01
7/17/2024 19:00,2457.98,2460.35,2457.06,2457.73,-25,-0.01
7/17/2024 18:30,2456.43,2458.14,2456.14,2457.94,151,0.06
7/17/2024 18:00,2452.48,2456.64,2451.56,2456.43,395,0.16
7/17/2024 17:30,2455.56,2456.76,2451.96,2452.59,-297,-0.12
7/17/2024 17:00,2455.58,2459.25,2454.45,2455.53,-5,0
7/17/2024 16:30,2453.26,2458.46,2453.02,2455.7,244,0.1
7/17/2024 16:00,2463.49,2465.04,2452.81,2453.31,-1018,-0.41
7/17/2024 15:30,2464.77,2465.9,2460.34,2463.5,-127,-0.05
7/17/2024 15:00,2463.56,2465.79,2457.89,2464.76,120,0.05
7/17/2024 14:30,2469.6,2472.63,2461.16,2463.34,-626,-0.25
7/17/2024 14:00,2482.81,2483.61,2463.78,2469.67,-1314,-0.53
7/17/2024 13:30,2474.05,2483.37,2471.22,2482.84,879,0.35
7/17/2024 13:00,2473.35,2479.27,2472.87,2473.73,38,0.02
7/17/2024 12:30,2474.91,2475.02,2471.61,2473.37,-154,-0.06
7/17/2024 12:00,2470.05,2475.37,2468.7,2474.91,486,0.2
7/17/2024 11:30,2469.24,2473.28,2469.05,2470.05,81,0.03
7/17/2024 11:00,2467.73,2470.7,2467.31,2469.27,154,0.06
7/17/2024 10:30,2475.29,2475.29,2466.62,2467.86,-743,-0.3
7/17/2024 10:00,2475.1,2476.32,2472.63,2475.32,22,0.01
7/17/2024 9:30,2471.31,2475.36,2469.84,2475.12,381,0.15
7/17/2024 9:00,2474.97,2475.08,2470.52,2471.35,-362,-0.15
7/17/2024 8:30,2476.02,2476.8,2471.49,2474.96,-106,-0.04
7/17/2024 8:00,2474.2,2478.85,2473.87,2476.03,183,0.07
7/17/2024 7:30,2465.54,2474.36,2465.49,2474.19,865,0.35
7/17/2024 7:00,2466.42,2467.99,2464.16,2465.61,-81,-0.03
7/17/2024 6:30,2463.66,2467.54,2463.15,2466.31,265,0.11
7/17/2024 6:00,2465.34,2467.23,2461.96,2463.66,-168,-0.07
7/17/2024 5:30,2470.45,2470.54,2465.38,2465.43,-502,-0.2
7/17/2024 5:00,2467.74,2471.01,2465.8,2470.46,272,0.11
7/17/2024 4:30,2469.78,2472.43,2467.65,2467.75,-203,-0.08
7/17/2024 4:00,2471.81,2472.72,2469.79,2469.85,-196,-0.08
7/17/2024 3:30,2465.13,2472.73,2464.07,2471.76,663,0.27
7/17/2024 3:00,2474.61,2474.61,2465.11,2465.19,-942,-0.38
7/17/2024 2:30,2479.11,2479.55,2469.58,2474.71,-440,-0.18
7/17/2024 2:00,2479.74,2482.37,2477.73,2479.1,-64,-0.03
7/17/2024 1:30,2474.63,2481.16,2474.48,2479.49,486,0.2
7/17/2024 1:00,2468.72,2477.43,2468.6,2474.57,585,0.24
7/17/2024 0:30,2467.68,2473.23,2467.68,2468.74,106,0.04
7/17/2024 0:00,2468.26,2468.36,2466.12,2467.54,-72,-0.03
7/16/2024 23:30,2468.03,2469.1,2467.5,2468.2,17,0.01
7/16/2024 23:00,2468.98,2469.77,2467.94,2468.09,-89,-0.04
7/16/2024 22:30,2467.53,2469.91,2466.3,2468.96,143,0.06
7/16/2024 22:00,2468.4,2468.55,2466.44,2467.51,-89,-0.04
7/16/2024 20:30,2467.59,2469.09,2467.26,2468.64,105,0.04
7/16/2024 20:00,2468.53,2469.56,2466.81,2467.62,-91,-0.04
7/16/2024 19:30,2465.26,2468.67,2464.76,2468.48,322,0.13
7/16/2024 19:00,2465.35,2466.2,2463.18,2465.3,-5,0
7/16/2024 18:30,2463.23,2465.88,2462.48,2465.36,213,0.09
7/16/2024 18:00,2464.61,2466.58,2463.15,2463.2,-141,-0.06
7/16/2024 17:30,2462.65,2466.06,2462.25,2464.67,202,0.08
7/16/2024 17:00,2459.14,2463.69,2458.69,2462.72,358,0.15
7/16/2024 16:30,2462.7,2463.69,2458.1,2459.18,-352,-0.14
7/16/2024 16:00,2463.16,2463.49,2457.87,2462.69,-47,-0.02
7/16/2024 15:30,2460,2465.21,2459.65,2463.16,316,0.13
7/16/2024 15:00,2452.06,2462.3,2451.94,2459.76,770,0.31
7/16/2024 14:30,2447.12,2454,2445.94,2452.15,503,0.21
7/16/2024 14:00,2442.73,2447.17,2440.55,2447.12,439,0.18
7/16/2024 13:30,2438.12,2447.88,2436.6,2442.72,460,0.19
7/16/2024 13:00,2432.54,2438.21,2430.98,2438.13,559,0.23
7/16/2024 12:30,2443.84,2443.84,2429.45,2432.56,-1128,-0.46
7/16/2024 12:00,2439.54,2443.99,2439.37,2443.66,412,0.17
7/16/2024 11:30,2441.18,2441.84,2438.16,2439.53,-165,-0.07
7/16/2024 11:00,2440.18,2442.41,2438.61,2441.2,102,0.04
7/16/2024 10:30,2440.26,2441.85,2439.69,2440.09,-17,-0.01
7/16/2024 10:00,2442.49,2443.33,2440.01,2440.17,-232,-0.1
7/16/2024 9:30,2439.12,2443.32,2438.54,2442.48,336,0.14
7/16/2024 9:00,2436.61,2440.99,2435.12,2439.11,250,0.1
7/16/2024 8:30,2436.94,2438.52,2433.87,2436.6,-34,-0.01
7/16/2024 8:00,2437.02,2437.56,2433.63,2436.92,-10,0
7/16/2024 7:30,2435.24,2439.21,2435.24,2436.99,175,0.07
7/16/2024 7:00,2433.93,2436.93,2432.61,2435.23,130,0.05
7/16/2024 6:30,2431.57,2433.76,2430.15,2433.76,219,0.09
7/16/2024 6:00,2431.9,2432.06,2428.28,2431.58,-32,-0.01
7/16/2024 5:30,2430.01,2432.77,2429.69,2431.91,190,0.08
7/16/2024 5:00,2429.25,2431.27,2428.18,2429.91,66,0.03
7/16/2024 4:30,2425.23,2429.48,2425.18,2429.27,404,0.17
7/16/2024 4:00,2428.62,2428.63,2425.11,2425.31,-331,-0.14
7/16/2024 3:30,2426.96,2428.75,2426.62,2428.61,165,0.07
7/16/2024 3:00,2430.17,2431.43,2426.75,2426.98,-319,-0.13
7/16/2024 2:30,2428.95,2430.27,2426.7,2430.16,121,0.05
7/16/2024 2:00,2427.32,2428.99,2426.04,2428.99,167,0.07
7/16/2024 1:30,2424.81,2427.71,2423.61,2427.23,242,0.1
7/16/2024 1:00,2421.22,2425.8,2421.22,2424.78,356,0.15
7/16/2024 0:30,2421.02,2421.81,2420,2421.2,18,0.01
7/16/2024 0:00,2422.55,2422.74,2420.47,2421.11,-144,-0.06
7/15/2024 23:30,2421.93,2422.63,2421.27,2422.63,70,0.03
7/15/2024 23:00,2421.02,2422.13,2420.94,2421.92,90,0.04
7/15/2024 22:30,2421.32,2421.34,2420.9,2421.01,-31,-0.01
7/15/2024 22:00,2421.84,2422.23,2421.01,2421.31,-53,-0.02
7/15/2024 20:30,2421.35,2422.24,2420.64,2422.1,75,0.03
7/15/2024 20:00,2421.18,2422.38,2421.14,2421.38,20,0.01
7/15/2024 19:30,2421.76,2423.25,2421.09,2421.15,-61,-0.03
7/15/2024 19:00,2422.36,2423.2,2420.23,2421.73,-63,-0.03
7/15/2024 18:30,2422.93,2424.84,2422.06,2422.5,-43,-0.02
7/15/2024 18:00,2421.55,2423.93,2419.75,2422.93,138,0.06
7/15/2024 17:30,2424.42,2424.42,2420.56,2421.36,-306,-0.13
7/15/2024 17:00,2430.23,2430.23,2422.79,2424.51,-572,-0.24
7/15/2024 16:30,2432.56,2439.65,2429.52,2430.42,-214,-0.09
7/15/2024 16:00,2433.28,2434.79,2430.92,2432.56,-72,-0.03
7/15/2024 15:30,2436.15,2436.15,2432.67,2433.28,-287,-0.12
7/15/2024 15:00,2431.54,2437.46,2431.42,2436.47,493,0.2
7/15/2024 14:30,2423.43,2431.98,2421.39,2431.56,813,0.33
7/15/2024 14:00,2418.69,2423.73,2418.14,2423.41,472,0.19
7/15/2024 13:30,2416.12,2419.28,2411.92,2419.03,291,0.12
7/15/2024 13:00,2414.79,2416.15,2411.48,2416.15,136,0.06
7/15/2024 12:30,2416.94,2417.83,2413.59,2414.82,-212,-0.09
7/15/2024 12:00,2418.27,2420.75,2415.97,2416.91,-136,-0.06
7/15/2024 11:30,2418.42,2420.3,2417.33,2418.25,-17,-0.01
7/15/2024 11:00,2414.79,2419.66,2414.56,2418.38,359,0.15
7/15/2024 10:30,2412.85,2415.75,2411.21,2414.81,196,0.08
7/15/2024 10:00,2410.7,2414.12,2410.7,2412.77,207,0.09
7/15/2024 9:30,2409.15,2411.25,2407.75,2410.69,154,0.06
7/15/2024 9:00,2411.97,2412.57,2409.12,2409.13,-284,-0.12
7/15/2024 8:30,2408.24,2412.07,2408.05,2412.01,377,0.16
7/15/2024 8:00,2407.92,2409.27,2406.92,2408.41,49,0.02
7/15/2024 7:30,2404.01,2407.93,2403.15,2407.91,390,0.16
7/15/2024 7:00,2403.21,2404.16,2401.32,2404.03,82,0.03
7/15/2024 6:30,2405.22,2406.54,2402.08,2403.22,-200,-0.08
7/15/2024 6:00,2408.11,2408.26,2403.86,2405.22,-289,-0.12
7/15/2024 5:30,2413.92,2413.92,2407.97,2408.09,-583,-0.24
7/15/2024 5:00,2411.45,2413.87,2410.61,2413.64,219,0.09
7/15/2024 4:30,2411.91,2411.93,2410.69,2411.47,-44,-0.02
7/15/2024 4:00,2411.63,2413.34,2411.63,2411.88,25,0.01
7/15/2024 3:30,2409.87,2411.99,2409.75,2411.58,171,0.07
7/15/2024 3:00,2409.16,2410.68,2408.64,2409.88,72,0.03
7/15/2024 2:30,2409.37,2410.53,2408.73,2409.14,-23,-0.01
7/15/2024 2:00,2410.04,2410.87,2408.16,2409.36,-68,-0.03
7/15/2024 1:30,2407.17,2410.33,2405.93,2409.94,277,0.11
7/15/2024 1:00,2408.44,2408.74,2404.95,2407.11,-133,-0.06
7/15/2024 0:30,2406.99,2408.82,2406.31,2408.5,151,0.06
7/15/2024 0:00,2408.72,2408.76,2406.23,2406.98,-174,-0.07
7/14/2024 23:30,2406.8,2408.73,2405.61,2408.67,187,0.08
7/14/2024 23:00,2407.54,2408.3,2405.97,2406.78,-76,-0.03
7/14/2024 22:30,2410.3,2410.3,2406.88,2407.61,-269,-0.11
7/14/2024 22:00,2412.73,2415.04,2408.76,2410.32,-241,-0.1
7/12/2024 20:30,2411.72,2411.85,2410.4,2410.93,-79,-0.03
7/12/2024 20:00,2412.46,2412.65,2411.22,2411.49,-97,-0.04
7/12/2024 19:30,2413.26,2413.69,2412.18,2412.62,-64,-0.03
7/12/2024 19:00,2413.79,2414.43,2413.01,2413.55,-24,-0.01
7/12/2024 18:30,2414.76,2415.24,2413.2,2414.03,-73,-0.03
7/12/2024 18:00,2417.54,2417.66,2413.9,2415.12,-242,-0.1
7/12/2024 17:30,2415.78,2418.06,2415.65,2417.65,187,0.08
7/12/2024 17:00,2415.86,2416.83,2414.56,2415.26,-60,-0.02
7/12/2024 16:30,2414.72,2416.83,2414.72,2415.66,94,0.04
7/12/2024 16:00,2411.37,2415.22,2411.37,2415.22,385,0.16
7/12/2024 15:30,2410.65,2411.92,2409.63,2411.52,87,0.04
7/12/2024 15:00,2407.99,2413.5,2407.99,2410.8,281,0.12
7/12/2024 14:30,2408.15,2409.33,2407.2,2408.45,30,0.01
7/12/2024 14:00,2405.16,2410.31,2403.18,2408.69,353,0.15
7/12/2024 13:30,2400.76,2405.26,2399.83,2403.17,241,0.1
7/12/2024 13:00,2398.6,2405.13,2397.04,2400.58,198,0.08
7/12/2024 12:30,2399.36,2402.74,2391.61,2397.57,-179,-0.07
7/12/2024 12:00,2401.46,2404.07,2400.93,2402.74,128,0.05
7/12/2024 11:30,2401.81,2402.21,2399.7,2402.02,21,0.01
7/12/2024 11:00,2400.07,2402.66,2397.5,2401.48,141,0.06
7/12/2024 10:30,2401.02,2402.69,2399.81,2399.92,-110,-0.05
7/12/2024 10:00,2404.81,2405.25,2399.6,2401.08,-373,-0.16
7/12/2024 9:30,2405.15,2405.15,2403.27,2404.65,-50,-0.02
7/12/2024 9:00,2407.66,2408.08,2404.72,2404.88,-278,-0.12
7/12/2024 8:30,2405.71,2407.96,2405.14,2407.17,146,0.06
7/12/2024 8:00,2403.75,2406.77,2403.75,2406.62,287,0.12
7/12/2024 7:30,2401.15,2404.91,2400.36,2404.12,297,0.12
7/12/2024 7:00,2404.35,2405.35,2400.36,2400.46,-389,-0.16
7/12/2024 6:30,2405.3,2405.3,2402.27,2403.5,-180,-0.07
7/12/2024 6:00,2407.88,2408.05,2405.24,2405.24,-264,-0.11
7/12/2024 5:30,2408.13,2409.92,2405.54,2406.74,-139,-0.06
7/12/2024 5:00,2408.34,2409.23,2406.6,2407.68,-66,-0.03
7/12/2024 4:30,2409.09,2409.59,2408.09,2408.09,-100,-0.04
7/12/2024 4:00,2408.57,2409.79,2407.5,2409.09,52,0.02
7/12/2024 3:30,2409,2409.69,2408.31,2408.69,-31,-0.01
7/12/2024 3:00,2409.34,2410.3,2408.4,2409.2,-14,-0.01
7/12/2024 2:30,2407.29,2410.89,2406.95,2409.55,226,0.09
7/12/2024 2:00,2407.88,2409.49,2406.63,2407.64,-24,-0.01
7/12/2024 1:30,2408.54,2409.88,2407.1,2407.4,-114,-0.05
7/12/2024 1:00,2411.64,2414,2408.47,2408.6,-304,-0.13
7/12/2024 0:30,2411.74,2413.19,2411.2,2411.53,-21,-0.01
7/12/2024 0:00,2415.43,2415.43,2410.4,2411.93,-350,-0.15
7/11/2024 23:30,2413.62,2415.49,2411.2,2415.43,181,0.07
7/11/2024 23:00,2413.47,2414.46,2412,2414.38,91,0.04
7/11/2024 22:30,2412.44,2414.03,2411.8,2414.03,159,0.07
7/11/2024 22:00,2413.61,2414.13,2410.7,2412.36,-125,-0.05
7/11/2024 21:00,2414.85,2414.85,2414.85,2414.85,0,0
7/11/2024 20:30,2413.2,2415.15,2412.6,2415.15,195,0.08
7/11/2024 20:00,2414.12,2414.9,2412.7,2413.98,-14,-0.01
7/11/2024 19:30,2416.61,2417.47,2413.95,2414.42,-219,-0.09
7/11/2024 19:00,2416.06,2418.37,2415.59,2417.02,96,0.04
7/11/2024 18:30,2413.87,2416.28,2413.69,2416.23,236,0.1
7/11/2024 18:00,2413.28,2416.46,2412.97,2413.78,50,0.02
7/11/2024 17:30,2414.74,2416.16,2412.28,2413.57,-117,-0.05
7/11/2024 17:00,2411.55,2416.37,2411.19,2415.93,438,0.18
7/11/2024 16:30,2412.57,2415,2410.9,2411.66,-91,-0.04
7/11/2024 16:00,2416.53,2418.99,2412.8,2413.35,-318,-0.13
7/11/2024 15:30,2420.57,2423.78,2417.33,2417.33,-324,-0.13
7/11/2024 15:00,2417.83,2423.5,2412.6,2420.65,282,0.12
7/11/2024 14:30,2407.43,2417.65,2404.61,2417.65,1022,0.42
7/11/2024 14:00,2407.87,2411.59,2406.75,2408.06,19,0.01
7/11/2024 13:30,2410.74,2410.74,2396.06,2406.63,-411,-0.17
7/11/2024 13:00,2408.46,2412.44,2403.47,2408.63,17,0.01
7/11/2024 12:30,2392.9,2409.42,2380.78,2406.63,1373,0.57
7/11/2024 12:00,2380.84,2382.44,2380.19,2381,16,0.01
7/11/2024 11:30,2381.53,2383.34,2379.41,2379.81,-172,-0.07
7/11/2024 11:00,2382.18,2382.53,2380.82,2381.23,-95,-0.04
7/11/2024 10:30,2382.4,2382.5,2380.42,2382.33,-7,0
7/11/2024 10:00,2383.89,2383.89,2382.23,2382.25,-164,-0.07
7/11/2024 9:30,2382.68,2384.11,2382,2384.09,141,0.06
7/11/2024 9:00,2381.44,2384.48,2381.24,2382.97,153,0.06
7/11/2024 8:30,2380.47,2382.6,2380.02,2381.23,76,0.03
7/11/2024 8:00,2380.03,2383.93,2379.8,2380.85,82,0.03
7/11/2024 7:30,2381.63,2381.63,2379.22,2380.09,-154,-0.06
7/11/2024 7:00,2381.75,2381.77,2378.97,2381.36,-39,-0.02
7/11/2024 6:30,2379.88,2381.91,2378.31,2381.71,183,0.08
7/11/2024 6:00,2382.51,2383.1,2380.2,2380.2,-231,-0.1
7/11/2024 5:30,2381.91,2382.88,2381.06,2382.58,67,0.03
7/11/2024 5:00,2381.84,2382.73,2381.4,2381.69,-15,-0.01
7/11/2024 4:30,2380.7,2382.34,2380.4,2382.05,135,0.06
7/11/2024 4:00,2378.5,2381.42,2378.5,2381.37,287,0.12
7/11/2024 3:30,2379.17,2380.02,2378.2,2378.56,-61,-0.03
7/11/2024 3:00,2377.14,2379.44,2376.5,2379.19,205,0.09
7/11/2024 2:30,2375.91,2377.64,2375.28,2377.34,143,0.06
7/11/2024 2:00,2375.58,2375.96,2373.9,2375.28,-30,-0.01
7/11/2024 1:30,2374.22,2376.05,2373.8,2375.82,160,0.07
7/11/2024 1:00,2374.26,2375.33,2373.14,2373.8,-46,-0.02
7/11/2024 0:30,2373.05,2374.14,2371.8,2374.1,105,0.04
7/11/2024 0:00,2372.52,2372.67,2371.48,2372.36,-16,-0.01
7/10/2024 23:30,2372.52,2372.66,2371.3,2372.66,14,0.01
7/10/2024 23:00,2371.6,2372.76,2371.5,2372.36,76,0.03
7/10/2024 22:30,2372.32,2372.77,2371.5,2372.77,45,0.02
7/10/2024 22:00,2368.96,2372.25,2367.99,2372.22,326,0.14
7/10/2024 21:00,2371.02,2371.15,2371.02,2371.15,13,0.01
7/10/2024 20:30,2370.8,2371.56,2370.78,2371.12,32,0.01
7/10/2024 20:00,2371.44,2372.27,2370.4,2371.43,-1,0
7/10/2024 19:30,2370.98,2371.85,2370.48,2371.85,87,0.04
7/10/2024 19:00,2372.38,2372.4,2370.2,2370.97,-141,-0.06
7/10/2024 18:30,2370.62,2373.07,2370.27,2372.41,179,0.08
7/10/2024 18:00,2372.83,2373.28,2370.07,2370.18,-265,-0.11
7/10/2024 17:30,2373.1,2373.87,2370,2372.7,-40,-0.02
7/10/2024 17:00,2377.58,2378.39,2370.9,2372.42,-516,-0.22
7/10/2024 16:30,2378.41,2378.74,2375.8,2377.68,-73,-0.03
7/10/2024 16:00,2378.55,2381.13,2377.69,2378.49,-6,0
7/10/2024 15:30,2378.1,2380.51,2378.1,2378.72,62,0.03
7/10/2024 15:00,2374.81,2378.88,2374.64,2378.88,407,0.17
7/10/2024 14:30,2378.49,2378.93,2373.95,2374.89,-360,-0.15
7/10/2024 14:00,2383.75,2384.99,2378.28,2378.93,-482,-0.2
7/10/2024 13:30,2380.65,2386.25,2378.49,2383.95,330,0.14
7/10/2024 13:00,2377.78,2380.49,2376.42,2380.49,271,0.11
7/10/2024 12:30,2379.81,2381.64,2377.82,2377.82,-199,-0.08
7/10/2024 12:00,2378.58,2381.28,2377.3,2379.88,130,0.05
7/10/2024 11:30,2373.46,2378.17,2373.44,2378.06,460,0.19
7/10/2024 11:00,2372.56,2374.16,2371.4,2373.53,97,0.04
7/10/2024 10:30,2373.82,2375.21,2371.89,2372.55,-127,-0.05
7/10/2024 10:00,2371.94,2373.95,2371.77,2373.95,201,0.08
7/10/2024 9:30,2371.66,2373.85,2371.66,2371.94,28,0.01
7/10/2024 9:00,2372.65,2373.15,2371.91,2372.21,-44,-0.02
7/10/2024 8:30,2373.06,2374.04,2371.8,2372.68,-38,-0.02
7/10/2024 8:00,2372.07,2373.69,2371.4,2373.11,104,0.04
7/10/2024 7:30,2374.74,2374.74,2371.78,2372.57,-217,-0.09
7/10/2024 7:00,2372.24,2374.84,2371.39,2374.84,260,0.11
7/10/2024 6:30,2369.54,2372.46,2369.01,2371.63,209,0.09
7/10/2024 6:00,2368.25,2370.17,2367.23,2369.68,143,0.06
7/10/2024 5:30,2368,2370.05,2367.42,2368.28,28,0.01
7/10/2024 5:00,2367.55,2369.05,2367.19,2367.89,34,0.01
7/10/2024 4:30,2366.54,2367.78,2366,2367.52,98,0.04
7/10/2024 4:00,2367.99,2368.84,2366.4,2366.69,-130,-0.05
7/10/2024 3:30,2367.61,2368.08,2366.5,2368.07,46,0.02
7/10/2024 3:00,2369.16,2369.5,2365.8,2367.8,-136,-0.06
7/10/2024 2:30,2367.72,2369.47,2367.3,2369.04,132,0.06
7/10/2024 2:00,2368.51,2368.51,2366.97,2367.57,-94,-0.04
7/10/2024 1:30,2367.13,2369.65,2366.91,2368.44,131,0.06
7/10/2024 1:00,2364.51,2367.81,2363.51,2366.9,239,0.1
7/10/2024 0:30,2366,2366.13,2364.4,2364.72,-128,-0.05
7/10/2024 0:00,2365.2,2365.84,2364.81,2365.69,49,0.02
7/9/2024 23:30,2364.1,2365.84,2363.9,2365.01,91,0.04
7/9/2024 23:00,2364.73,2365.18,2363.4,2365.01,28,0.01
7/9/2024 22:30,2363.53,2364.17,2351.04,2364.17,64,0.03
7/9/2024 22:00,2363.1,2363.62,2362.5,2363.46,36,0.02
7/9/2024 21:00,2363.66,2363.66,2363.66,2363.66,0,0
7/9/2024 20:30,2364.09,2364.45,2362.9,2363.7,-39,-0.02
7/9/2024 20:00,2363.69,2364.88,2363.1,2363.87,18,0.01
7/9/2024 19:30,2363.51,2364.07,2362.82,2363.37,-14,-0.01
7/9/2024 19:00,2364.53,2365.38,2363.44,2363.44,-109,-0.05
7/9/2024 18:30,2363.88,2365.05,2363.68,2364.28,40,0.02
7/9/2024 18:00,2361.73,2364.51,2361,2364.02,229,0.1
7/9/2024 17:30,2361.44,2362.51,2360.35,2361.85,41,0.02
7/9/2024 17:00,2357.52,2361.95,2357.52,2361.49,397,0.17
7/9/2024 16:30,2360.41,2360.57,2356.54,2357.5,-291,-0.12
7/9/2024 16:00,2362.06,2363.08,2359.64,2360.4,-166,-0.07
7/9/2024 15:30,2352.96,2362.24,2352.61,2362.05,909,0.38
7/9/2024 15:00,2354.98,2358.74,2349.52,2352.89,-209,-0.09
7/9/2024 14:30,2362.42,2365.09,2354.1,2354.91,-751,-0.32
7/9/2024 14:00,2367.24,2371.45,2356.8,2362.63,-461,-0.2
7/9/2024 13:30,2363.91,2368.48,2362.85,2367.73,382,0.16
7/9/2024 13:00,2360.14,2365.34,2359.5,2363.94,380,0.16
7/9/2024 12:30,2358.22,2360.11,2356.15,2360.09,187,0.08
7/9/2024 12:00,2360.64,2361.19,2356.31,2358.23,-241,-0.1
7/9/2024 11:30,2360.49,2361.21,2357.55,2360.62,13,0.01
7/9/2024 11:00,2363.17,2363.17,2359.75,2360.49,-268,-0.11
7/9/2024 10:30,2363.45,2364.61,2362.12,2363.07,-38,-0.02
7/9/2024 10:00,2364.28,2365.6,2363.3,2363.43,-85,-0.04
7/9/2024 9:30,2362.04,2365.29,2361.89,2364.25,221,0.09
7/9/2024 9:00,2361.65,2364.98,2361.59,2362.09,44,0.02
7/9/2024 8:30,2359.74,2361.83,2358.23,2361.62,188,0.08
7/9/2024 8:00,2359.02,2361.92,2358.53,2359.74,72,0.03
7/9/2024 7:30,2359.4,2360.28,2358.36,2359,-40,-0.02
7/9/2024 7:00,2364.1,2364.51,2358.6,2359.52,-458,-0.19
7/9/2024 6:30,2364.28,2364.97,2362.75,2364.23,-5,0
7/9/2024 6:00,2364.53,2365.5,2363.36,2364.36,-17,-0.01
7/9/2024 5:30,2365.63,2366.18,2364.16,2364.55,-108,-0.05
7/9/2024 5:00,2367.38,2368.33,2364.79,2365.64,-174,-0.07
7/9/2024 4:30,2367.55,2368.23,2366.37,2367.37,-18,-0.01
7/9/2024 4:00,2367.68,2368.74,2366.82,2367.62,-6,0
7/9/2024 3:30,2363.78,2367.94,2363.75,2367.68,390,0.16
7/9/2024 3:00,2363.99,2366.33,2363.34,2363.84,-15,-0.01
7/9/2024 2:30,2363.6,2366.65,2363.34,2363.99,39,0.02
7/9/2024 2:00,2363.3,2363.7,2360.52,2363.69,39,0.02
7/9/2024 1:30,2363.31,2365.24,2362.77,2363.41,10,0
7/9/2024 1:00,2361.95,2365.24,2361.38,2363.3,135,0.06
7/9/2024 0:30,2361.76,2362.81,2360.78,2361.86,10,0
7/9/2024 0:00,2361.86,2363.64,2361.4,2361.74,-12,-0.01
7/8/2024 23:30,2360.8,2362.08,2360.66,2361.76,96,0.04
7/8/2024 23:00,2359.82,2361.11,2359.82,2360.77,95,0.04
7/8/2024 22:30,2359.09,2359.77,2358.95,2359.77,68,0.03
7/8/2024 22:00,2359.09,2359.58,2358.55,2359.19,10,0
7/8/2024 20:30,2358.26,2359.64,2358.26,2359.12,86,0.04
7/8/2024 20:00,2359.2,2359.82,2357.98,2358.25,-95,-0.04
7/8/2024 19:30,2357.51,2359.83,2356.9,2359.09,158,0.07
7/8/2024 19:00,2356.58,2357.86,2356.12,2357.51,93,0.04
7/8/2024 18:30,2356.1,2356.97,2354.88,2356.58,48,0.02
7/8/2024 18:00,2357.15,2358.19,2355.64,2356.19,-96,-0.04
7/8/2024 17:30,2356.01,2359.54,2355.85,2357.21,120,0.05
7/8/2024 17:00,2358.75,2359.73,2355.58,2356.14,-261,-0.11
7/8/2024 16:30,2354.07,2358.77,2353.76,2358.69,462,0.2
7/8/2024 16:00,2355.5,2356.06,2351.1,2354.18,-132,-0.06
7/8/2024 15:30,2369.45,2369.59,2351.06,2355.58,-1387,-0.59
7/8/2024 15:00,2373.25,2374.96,2369.26,2369.39,-386,-0.16
7/8/2024 14:30,2376.68,2377.73,2373.23,2373.26,-342,-0.14
7/8/2024 14:00,2375.38,2379.52,2374.04,2376.66,128,0.05
7/8/2024 13:30,2374.93,2377.08,2370.43,2375.58,65,0.03
7/8/2024 13:00,2372.7,2376.28,2371.15,2374.96,226,0.1
7/8/2024 12:30,2374.89,2374.91,2370.36,2372.67,-222,-0.09
7/8/2024 12:00,2375.24,2377.44,2374.31,2374.91,-33,-0.01
7/8/2024 11:30,2373.61,2375.62,2372.99,2375.33,172,0.07
7/8/2024 11:00,2374.05,2374.71,2372.49,2373.63,-42,-0.02
7/8/2024 10:30,2372.99,2374.3,2370.97,2374.13,114,0.05
7/8/2024 10:00,2370.05,2373.35,2369.69,2373,295,0.12
7/8/2024 9:30,2373.01,2373.21,2368.31,2370.12,-289,-0.12
7/8/2024 9:00,2372.69,2373.81,2370.67,2373.14,45,0.02
7/8/2024 8:30,2377.16,2377.16,2371.92,2372.82,-434,-0.18
7/8/2024 8:00,2377.85,2378.8,2376.4,2377.2,-65,-0.03
7/8/2024 7:30,2379.75,2381.12,2377.85,2377.87,-188,-0.08
7/8/2024 7:00,2376.93,2381.02,2376.66,2379.85,292,0.12
7/8/2024 6:30,2381.72,2382.25,2376.76,2376.97,-475,-0.2
7/8/2024 6:00,2382.82,2384.18,2380.82,2381.7,-112,-0.05
7/8/2024 5:30,2384.89,2384.93,2381.57,2382.81,-208,-0.09
7/8/2024 5:00,2385.01,2386.72,2384.3,2384.85,-16,-0.01
7/8/2024 4:30,2383.3,2385.02,2383.2,2385.02,172,0.07
7/8/2024 4:00,2382.97,2383.92,2382.1,2383.3,33,0.01
7/8/2024 3:30,2383.62,2383.9,2380.73,2382.92,-70,-0.03
7/8/2024 3:00,2382.89,2384.18,2381.43,2383.71,82,0.03
7/8/2024 2:30,2386.85,2387.16,2381.46,2382.94,-391,-0.16
7/8/2024 2:00,2386.43,2387.21,2385.26,2386.85,42,0.02
7/8/2024 1:30,2388.76,2388.87,2384.41,2386.48,-228,-0.1
7/8/2024 1:00,2386.6,2391.06,2384.21,2388.76,216,0.09
7/8/2024 0:30,2386.67,2387.76,2386.32,2386.67,0,0
7/8/2024 0:00,2386.12,2386.9,2384.51,2386.66,54,0.02
7/7/2024 23:30,2386.09,2386.89,2385.09,2386.06,-3,0
7/7/2024 23:00,2385.33,2386.44,2384.76,2386.05,72,0.03
7/7/2024 22:30,2387.4,2387.75,2384.93,2385.29,-211,-0.09
7/7/2024 22:00,2387.38,2390.14,2386.35,2387.39,1,0
7/5/2024 20:30,2388.79,2391.4,2388.5,2391.14,235,0.1
7/5/2024 20:00,2388.85,2389.36,2388.12,2388.69,-16,-0.01
7/5/2024 19:30,2391.04,2391.04,2388.14,2388.64,-240,-0.1
7/5/2024 19:00,2390.95,2392.72,2390.77,2390.83,-12,-0.01
7/5/2024 18:30,2389.58,2392.41,2388.64,2391.18,160,0.07
7/5/2024 18:00,2385.85,2390.95,2385.2,2390.59,474,0.2
7/5/2024 17:30,2389.29,2389.29,2384.53,2385.7,-359,-0.15
7/5/2024 17:00,2386.41,2389.63,2386.26,2387.89,148,0.06
7/5/2024 16:30,2385.31,2387.41,2385.05,2386.81,150,0.06
7/5/2024 16:00,2384.65,2386.69,2383.6,2385.54,89,0.04
7/5/2024 15:30,2384.73,2388.2,2382.97,2384.5,-23,-0.01
7/5/2024 15:00,2380.61,2386.01,2378.9,2384.29,368,0.15
7/5/2024 14:30,2378.23,2383.89,2378.23,2380.66,243,0.1
7/5/2024 14:00,2383.06,2383.38,2374.81,2379.24,-382,-0.16
7/5/2024 13:30,2375.13,2384.88,2374.42,2382.39,726,0.3
7/5/2024 13:00,2371.25,2379.52,2371.19,2374.34,309,0.13
7/5/2024 12:30,2363.33,2375.01,2362.65,2372.17,884,0.37
7/5/2024 12:00,2365.81,2368.14,2365.81,2366.63,82,0.03
7/5/2024 11:30,2364.46,2365.87,2362.28,2365.84,138,0.06
7/5/2024 11:00,2364.72,2365.46,2363.3,2365.02,30,0.01
7/5/2024 10:30,2364.57,2365.34,2363.75,2365.06,49,0.02
7/5/2024 10:00,2361.81,2364.78,2361.81,2364.78,297,0.13
7/5/2024 9:30,2365.07,2365.3,2362.24,2362.36,-271,-0.11
7/5/2024 9:00,2366.47,2366.8,2364.4,2366.11,-36,-0.02
7/5/2024 8:30,2367.15,2367.15,2365.26,2366.49,-66,-0.03
7/5/2024 8:00,2364.67,2367.67,2364.67,2366.9,223,0.09
7/5/2024 7:30,2363.35,2367.37,2362.8,2365.18,183,0.08
7/5/2024 7:00,2363.51,2364.84,2362.3,2363.28,-23,-0.01
7/5/2024 6:30,2364.18,2364.97,2363.1,2363.9,-28,-0.01
7/5/2024 6:00,2364.66,2366.12,2363.78,2363.78,-88,-0.04
7/5/2024 5:30,2363.4,2364.86,2362.7,2364.59,119,0.05
7/5/2024 5:00,2363.68,2363.96,2362.2,2362.79,-89,-0.04
7/5/2024 4:30,2362.78,2364.4,2361.3,2363.72,94,0.04
7/5/2024 4:00,2361.74,2362.72,2360.6,2362.72,98,0.04
7/5/2024 3:30,2360.3,2361.77,2359.5,2361.77,147,0.06
7/5/2024 3:00,2360.48,2362.03,2359.3,2360.85,37,0.02
7/5/2024 2:30,2361.25,2362.97,2358.9,2360.46,-79,-0.03
7/5/2024 2:00,2358.43,2361.94,2358.23,2361.94,351,0.15
7/5/2024 1:30,2357.82,2359.17,2356.81,2358.5,68,0.03
7/5/2024 1:00,2358.65,2360.05,2357.61,2357.61,-104,-0.04
7/5/2024 0:30,2356.89,2358.84,2356.89,2358.46,157,0.07
7/5/2024 0:00,2356.73,2357.2,2355.98,2356.9,17,0.01
7/4/2024 23:30,2356.67,2357.46,2355.7,2356.35,-32,-0.01
7/4/2024 23:00,2357.08,2357.27,2355.7,2356.77,-31,-0.01
7/4/2024 22:30,2354.1,2357.28,2354.1,2357.28,318,0.13
7/4/2024 22:00,2357.32,2357.32,2354.9,2355.05,-227,-0.1
7/4/2024 21:00,2357.11,2357.11,2357.11,2357.11,0,0
7/4/2024 18:30,2356.91,2357.11,2353.67,2357.11,20,0.01
7/4/2024 18:00,2356.2,2357.11,2353.69,2353.69,-251,-0.11
7/4/2024 17:30,2357.08,2357.24,2356,2356.22,-86,-0.04
7/4/2024 17:00,2358.15,2358.15,2356.4,2357.06,-109,-0.05
7/4/2024 16:30,2357.55,2358.17,2356.4,2357.87,32,0.01
7/4/2024 16:00,2357.99,2358.74,2357.19,2357.68,-31,-0.01
7/4/2024 15:30,2358.2,2359.84,2356.98,2357.76,-44,-0.02
7/4/2024 15:00,2358.82,2360.39,2355.57,2359.2,38,0.02
7/4/2024 14:30,2360.29,2360.82,2358.3,2358.89,-140,-0.06
7/4/2024 14:00,2358.5,2361.55,2358.1,2360.47,197,0.08
7/4/2024 13:30,2357.78,2360.01,2357.44,2359.76,198,0.08
7/4/2024 13:00,2358.23,2358.54,2357.44,2357.44,-79,-0.03
7/4/2024 12:30,2357.86,2358.58,2357.09,2357.7,-16,-0.01
7/4/2024 12:00,2357.5,2360.2,2357.5,2358.05,55,0.02
7/4/2024 11:30,2357.5,2359.15,2357.5,2358.52,102,0.04
7/4/2024 11:00,2358.19,2359.86,2357.5,2358.47,28,0.01
7/4/2024 10:30,2358.46,2358.95,2357.7,2357.98,-48,-0.02
7/4/2024 10:00,2356.7,2358.44,2356,2358.43,173,0.07
7/4/2024 9:30,2356.64,2358.29,2356.59,2357.78,114,0.05
7/4/2024 9:00,2358.7,2359.01,2355.6,2357.11,-159,-0.07
7/4/2024 8:30,2357,2359.34,2354.8,2358.77,177,0.08
7/4/2024 8:00,2357.48,2358.72,2356.71,2357,-48,-0.02
7/4/2024 7:30,2355.94,2357.6,2354.7,2357.6,166,0.07
7/4/2024 7:00,2356.06,2356.06,2353.77,2355.94,-12,-0.01
7/4/2024 6:30,2352.74,2356.73,2350.69,2355.72,298,0.13
7/4/2024 6:00,2356.57,2356.95,2353.51,2354.4,-217,-0.09
7/4/2024 5:30,2355.69,2357.46,2355.64,2357.21,152,0.06
7/4/2024 5:00,2358.34,2358.41,2355.66,2355.73,-261,-0.11
7/4/2024 4:30,2358.13,2359.32,2357.2,2358.53,40,0.02
7/4/2024 4:00,2357.76,2359.17,2356.6,2358.02,26,0.01
7/4/2024 3:30,2359.68,2359.84,2357.58,2357.97,-171,-0.07
7/4/2024 3:00,2359.08,2360.05,2357.62,2359.84,76,0.03
7/4/2024 2:30,2358.79,2359.92,2357.36,2359.24,45,0.02
7/4/2024 2:00,2361.66,2362.04,2359.1,2359.29,-237,-0.1
7/4/2024 1:30,2361.42,2362.11,2360.34,2361.68,26,0.01
7/4/2024 1:00,2357.3,2362.34,2357.3,2361.9,460,0.19
7/4/2024 0:30,2357.91,2359.07,2356.9,2358.71,80,0.03
7/4/2024 0:00,2358.76,2358.76,2356,2357.92,-84,-0.04
7/3/2024 23:30,2358.26,2359.43,2358,2358.2,-6,0
7/3/2024 23:00,2358.62,2358.62,2357.49,2358.26,-36,-0.02
7/3/2024 22:30,2356.43,2358.91,2355.4,2358.63,220,0.09
7/3/2024 22:00,2356.71,2357.16,2355.1,2356.43,-28,-0.01
7/3/2024 21:00,2356.16,2356.16,2356.16,2356.16,0,0
7/3/2024 20:30,2354.4,2356.27,2353.6,2356,160,0.07
7/3/2024 20:00,2354.3,2355.14,2353.5,2354.34,4,0
7/3/2024 19:30,2354.74,2355.39,2353.2,2354.21,-53,-0.02
7/3/2024 19:00,2355.88,2356.56,2354.89,2354.93,-95,-0.04
7/3/2024 18:30,2356.21,2356.81,2354.5,2356.15,-6,0
7/3/2024 18:00,2356.67,2357.81,2355.75,2356.61,-6,0
7/3/2024 17:30,2359.8,2359.8,2355.84,2356.35,-345,-0.15
7/3/2024 17:00,2356.19,2360.75,2353.97,2360.75,456,0.19
7/3/2024 16:30,2358.88,2359.78,2355.21,2356.08,-280,-0.12
7/3/2024 16:00,2362.96,2363.51,2358.32,2358.45,-451,-0.19
7/3/2024 15:30,2362.01,2363.87,2360.68,2363.32,131,0.06
7/3/2024 15:00,2362.35,2363.47,2360.08,2362.55,20,0.01
7/3/2024 14:30,2358.76,2364.57,2358.49,2362.01,325,0.14
7/3/2024 14:00,2356.13,2364.08,2356.13,2358.46,233,0.1
7/3/2024 13:30,2350.04,2358.47,2350.04,2354.91,487,0.21
7/3/2024 13:00,2350.48,2353.14,2347.58,2349.96,-52,-0.02
7/3/2024 12:30,2348.7,2356.09,2348.1,2350.43,173,0.07
7/3/2024 12:00,2345.62,2349.67,2344.94,2348.74,312,0.13
7/3/2024 11:30,2344.67,2346.86,2343.73,2345.38,71,0.03
7/3/2024 11:00,2346.86,2346.86,2342.39,2344.69,-217,-0.09
7/3/2024 10:30,2346.29,2349.47,2345.57,2346.93,64,0.03
7/3/2024 10:00,2346.32,2348.43,2344.55,2346.3,-2,0
7/3/2024 9:30,2343.25,2346.48,2342.11,2346.29,304,0.13
7/3/2024 9:00,2344.65,2345.54,2342.55,2343.28,-137,-0.06
7/3/2024 8:30,2345.63,2346.25,2343.15,2344.62,-101,-0.04
7/3/2024 8:00,2345.33,2347.48,2345.33,2345.58,25,0.01
7/3/2024 7:30,2341.84,2346.74,2339.26,2345.93,409,0.17
7/3/2024 7:00,2340.57,2344.14,2339.99,2341.9,133,0.06
7/3/2024 6:30,2335.36,2340.78,2333.98,2339.85,449,0.19
7/3/2024 6:00,2333.3,2335.75,2332.9,2334.87,157,0.07
7/3/2024 5:30,2334.73,2334.73,2331.1,2333.26,-147,-0.06
7/3/2024 5:00,2334.35,2335.62,2333.6,2334.44,9,0
7/3/2024 4:30,2332.79,2334.77,2331.8,2334.32,153,0.07
7/3/2024 4:00,2331.8,2333,2331.6,2332.71,91,0.04
7/3/2024 3:30,2328,2332.32,2328,2331.66,366,0.16
7/3/2024 3:00,2328.91,2329.56,2328.26,2329.08,17,0.01
7/3/2024 2:30,2328.19,2329.4,2326.6,2328.85,66,0.03
7/3/2024 2:00,2329.36,2330.97,2328.29,2328.35,-101,-0.04
7/3/2024 1:30,2330.19,2330.23,2328.4,2328.92,-127,-0.05
7/3/2024 1:00,2329.42,2331.39,2329,2329.69,27,0.01
7/3/2024 0:30,2331.92,2331.93,2330,2330.13,-179,-0.08
7/3/2024 0:00,2330.92,2331.98,2329.9,2331.42,50,0.02
7/2/2024 23:30,2329.76,2330.19,2329.1,2330.09,33,0.01
7/2/2024 23:00,2330.12,2331.24,2329.59,2329.86,-26,-0.01
7/2/2024 22:30,2330.97,2331.03,2328.9,2329.87,-110,-0.05
7/2/2024 22:00,2330.21,2331.15,2329.27,2330.96,75,0.03
7/2/2024 21:00,2329.27,2329.44,2329.27,2329.44,17,0.01
7/2/2024 20:30,2329.33,2329.8,2328.4,2329.27,-6,0
7/2/2024 20:00,2330.82,2330.96,2328.66,2329.3,-152,-0.07
7/2/2024 19:30,2329.37,2331.32,2328.7,2330.87,150,0.06
7/2/2024 19:00,2328.35,2329.97,2328.14,2329.41,106,0.05
7/2/2024 18:30,2326.65,2328.85,2325.83,2328.36,171,0.07
7/2/2024 18:00,2324.65,2327.53,2324.51,2326.62,197,0.08
7/2/2024 17:30,2324.78,2325.21,2323.06,2324.71,-7,0
7/2/2024 17:00,2322.82,2325.07,2322.05,2324.65,183,0.08
7/2/2024 16:30,2323.93,2324.45,2321.71,2322.83,-110,-0.05
7/2/2024 16:00,2324.7,2324.94,2320.91,2323.92,-78,-0.03
7/2/2024 15:30,2327.94,2328.58,2324.14,2324.72,-322,-0.14
7/2/2024 15:00,2326.65,2330.44,2326.28,2327.95,130,0.06
7/2/2024 14:30,2326.55,2328.22,2323.06,2326.64,9,0
7/2/2024 14:00,2334.44,2335.22,2323.66,2326.46,-798,-0.34
7/2/2024 13:30,2328.73,2336.76,2327.15,2334.61,588,0.25
7/2/2024 13:00,2327.4,2329.45,2326.15,2328.8,140,0.06
7/2/2024 12:30,2322.17,2328.66,2321.19,2327.53,536,0.23
7/2/2024 12:00,2320.95,2324.36,2319.05,2322.19,124,0.05
7/2/2024 11:30,2324.35,2325.04,2319.99,2320.69,-366,-0.16
7/2/2024 11:00,2324.5,2325.62,2322.42,2324.36,-14,-0.01
7/2/2024 10:30,2324.6,2326.5,2323.24,2324.49,-11,0
7/2/2024 10:00,2324.92,2325.2,2322.77,2324.59,-33,-0.01
7/2/2024 9:30,2328.92,2329.35,2324.09,2324.83,-409,-0.18
7/2/2024 9:00,2331.17,2331.9,2328.62,2328.91,-226,-0.1
7/2/2024 8:30,2330.21,2332.47,2328.41,2331.17,96,0.04
7/2/2024 8:00,2330.84,2332.04,2329.2,2330.2,-64,-0.03
7/2/2024 7:30,2324.33,2330.92,2324.23,2330.76,643,0.28
7/2/2024 7:00,2330.35,2330.45,2323.24,2324.31,-604,-0.26
7/2/2024 6:30,2329.43,2331.19,2327.61,2330.55,112,0.05
7/2/2024 6:00,2330.09,2331.73,2329.12,2329.44,-65,-0.03
7/2/2024 5:30,2328.46,2330.79,2327.25,2329.91,145,0.06
7/2/2024 5:00,2327.25,2328.96,2326.32,2328.47,122,0.05
7/2/2024 4:30,2326.27,2327.83,2326.05,2327.26,99,0.04
7/2/2024 4:00,2326,2326.5,2324.92,2326.39,39,0.02
7/2/2024 3:30,2329.8,2329.89,2325.78,2326.02,-378,-0.16
7/2/2024 3:00,2332.32,2332.65,2328.42,2329.75,-257,-0.11
7/2/2024 2:30,2332.3,2333.4,2331.19,2332.34,4,0
7/2/2024 2:00,2334.09,2334.34,2332.11,2332.35,-174,-0.07
7/2/2024 1:30,2331.92,2334.2,2331.92,2334.1,218,0.09
7/2/2024 1:00,2333.06,2333.83,2331.17,2331.83,-123,-0.05
7/2/2024 0:30,2332.65,2333.41,2331.78,2332.98,33,0.01
7/2/2024 0:00,2332.27,2333.89,2331.79,2332.69,42,0.02
7/1/2024 23:30,2332.41,2332.51,2331.59,2332.2,-21,-0.01
7/1/2024 23:00,2331.78,2332.49,2331.77,2332.4,62,0.03
7/1/2024 22:30,2331.59,2331.88,2331.45,2331.77,18,0.01
7/1/2024 22:00,2332.54,2332.54,2331.4,2331.6,-94,-0.04
7/1/2024 20:30,2331.58,2332.13,2331.43,2331.75,17,0.01
7/1/2024 20:00,2331.09,2332.37,2330.96,2331.61,52,0.02
7/1/2024 19:30,2331.05,2331.45,2329.57,2330.99,-6,0
7/1/2024 19:00,2330.02,2331.14,2328.95,2331.04,102,0.04
7/1/2024 18:30,2327.28,2330.76,2327.18,2329.93,265,0.11
7/1/2024 18:00,2329.21,2329.21,2327.01,2327.27,-194,-0.08
7/1/2024 17:30,2329.03,2329.9,2328.55,2329.23,20,0.01
7/1/2024 17:00,2328.15,2329.22,2326.74,2329.05,90,0.04
7/1/2024 16:30,2330.75,2330.94,2326.67,2328.15,-260,-0.11
7/1/2024 16:00,2327.8,2331.83,2327.07,2330.71,291,0.12
7/1/2024 15:30,2326.74,2328.79,2324.9,2327.77,103,0.04
7/1/2024 15:00,2324.12,2329.02,2323.08,2326.73,261,0.11
7/1/2024 14:30,2323.83,2324.68,2319.23,2323.97,14,0.01
7/1/2024 14:00,2327.15,2334.26,2321.08,2323.72,-343,-0.15
7/1/2024 13:30,2327.79,2334.08,2325.59,2326.39,-140,-0.06
7/1/2024 13:00,2327.46,2329.47,2325.43,2327.73,27,0.01
7/1/2024 12:30,2334.51,2335.14,2327.17,2327.34,-717,-0.31
7/1/2024 12:00,2338.15,2338.48,2334.39,2334.52,-363,-0.16
7/1/2024 11:30,2335.78,2338.21,2335,2338.14,236,0.1
7/1/2024 11:00,2332.69,2336.37,2332.11,2335.73,304,0.13
7/1/2024 10:30,2329.03,2332.53,2328.52,2332.53,350,0.15
7/1/2024 10:00,2327.49,2330.18,2327.48,2329.04,155,0.07
7/1/2024 9:30,2327.54,2328.14,2326.08,2327.44,-10,0
7/1/2024 9:00,2325.84,2329.46,2325.44,2327.58,174,0.07
7/1/2024 8:30,2324.73,2326.23,2323.65,2325.84,111,0.05
7/1/2024 8:00,2323.58,2325,2321.91,2324.71,113,0.05
7/1/2024 7:30,2324.65,2326.73,2323.67,2323.73,-92,-0.04
7/1/2024 7:00,2326.49,2326.94,2323.98,2324.75,-174,-0.07
7/1/2024 6:30,2327.24,2328.96,2325.04,2326.54,-70,-0.03
7/1/2024 6:00,2321.86,2327.57,2321.43,2327.29,543,0.23
7/1/2024 5:30,2321.69,2322.13,2318.56,2321.85,16,0.01
7/1/2024 5:00,2323.69,2323.9,2321.58,2321.69,-200,-0.09
7/1/2024 4:30,2324.27,2324.33,2321.43,2323.69,-58,-0.02
7/1/2024 4:00,2324.56,2326.11,2324.12,2324.28,-28,-0.01
7/1/2024 3:30,2327.59,2327.59,2324.44,2324.74,-285,-0.12
7/1/2024 3:00,2326.64,2327.62,2326.33,2327.58,94,0.04
7/1/2024 2:30,2326.27,2326.9,2324.47,2326.64,37,0.02
7/1/2024 2:00,2327.77,2327.77,2325.74,2326.34,-143,-0.06
7/1/2024 1:30,2327.72,2328.45,2326.1,2327.88,16,0.01
7/1/2024 1:00,2324.85,2327.87,2323.59,2327.62,277,0.12
7/1/2024 0:30,2322.76,2325.34,2322.54,2324.8,204,0.09
7/1/2024 0:00,2324.94,2324.94,2322.17,2322.77,-217,-0.09
6/30/2024 23:30,2325.2,2326.1,2324.76,2324.92,-28,-0.01
6/30/2024 23:00,2324.56,2325.57,2323.14,2325.19,63,0.03
6/30/2024 22:30,2324.76,2325.01,2323.62,2324.55,-21,-0.01
6/30/2024 22:00,2326.05,2326.96,2322.88,2324.76,-129,-0.06
6/28/2024 20:30,2324.48,2326.39,2323.6,2326.15,167,0.07
6/28/2024 20:00,2325.1,2325.1,2322.66,2324.82,-28,-0.01
6/28/2024 19:30,2324.07,2326,2323.02,2324.79,72,0.03
6/28/2024 19:00,2325.35,2326.14,2323.6,2324.06,-129,-0.06
6/28/2024 18:30,2326.64,2326.9,2325.1,2325.44,-120,-0.05
6/28/2024 18:00,2326.85,2328.24,2326.3,2327.52,67,0.03
6/28/2024 17:30,2329.47,2329.47,2326.44,2326.74,-273,-0.12
6/28/2024 17:00,2330.09,2332.58,2328.91,2329.08,-101,-0.04
6/28/2024 16:30,2330.92,2331.16,2327.78,2330.1,-82,-0.04
6/28/2024 16:00,2328.73,2332.49,2328.73,2331.17,244,0.1
6/28/2024 15:30,2328.51,2330.2,2327.19,2328.75,24,0.01
6/28/2024 15:00,2326.45,2328.25,2324.37,2328.25,180,0.08
6/28/2024 14:30,2329.25,2330.38,2323.21,2326.34,-291,-0.13
6/28/2024 14:00,2331.62,2333.23,2328.2,2329.16,-246,-0.11
6/28/2024 13:30,2331.48,2331.62,2326.5,2330.23,-125,-0.05
6/28/2024 13:00,2335.59,2339.25,2331.62,2331.62,-397,-0.17
6/28/2024 12:30,2331.39,2338.73,2331.39,2335.89,450,0.19
6/28/2024 12:00,2334.21,2335.1,2332.17,2333.32,-89,-0.04
6/28/2024 11:30,2334.79,2334.99,2332.8,2333.79,-100,-0.04
6/28/2024 11:00,2335.98,2336.89,2333.3,2334.52,-146,-0.06
6/28/2024 10:30,2334.68,2336.62,2334.52,2336.02,134,0.06
6/28/2024 10:00,2330.27,2335.26,2329.2,2335.17,490,0.21
6/28/2024 9:30,2327.5,2330.01,2327.32,2329.88,238,0.1
6/28/2024 9:00,2328.18,2329.72,2327.37,2327.5,-68,-0.03
6/28/2024 8:30,2329.07,2331.29,2328.46,2328.71,-36,-0.02
6/28/2024 8:00,2326.88,2331.62,2326.5,2329.24,236,0.1
6/28/2024 7:30,2326.19,2328.69,2324.85,2327.19,100,0.04
6/28/2024 7:00,2327.45,2328.02,2326.24,2326.24,-121,-0.05
6/28/2024 6:30,2327.06,2327.6,2325.54,2327.29,23,0.01
6/28/2024 6:00,2325.18,2327.55,2325.18,2327.55,237,0.1
6/28/2024 5:30,2323.97,2326.83,2322.82,2325.68,171,0.07
6/28/2024 5:00,2321.04,2322.82,2320.94,2322.73,169,0.07
6/28/2024 4:30,2320.37,2321.47,2320.05,2321.12,75,0.03
6/28/2024 4:00,2321.64,2321.64,2319.7,2319.98,-166,-0.07
6/28/2024 3:30,2322.34,2322.45,2320.5,2321.56,-78,-0.03
6/28/2024 3:00,2323.64,2324.63,2321.3,2322.5,-114,-0.05
6/28/2024 2:30,2322,2323.91,2322,2323.49,149,0.06
6/28/2024 2:00,2320.56,2322.48,2319.96,2322.05,149,0.06
6/28/2024 1:30,2320.84,2321.47,2319.04,2320.19,-65,-0.03
6/28/2024 1:00,2321.25,2322.76,2319.58,2321.15,-10,0
6/28/2024 0:30,2325.72,2325.84,2321.53,2321.88,-384,-0.17
6/28/2024 0:00,2327.48,2328.06,2324.15,2324.68,-280,-0.12
6/27/2024 23:30,2327.26,2327.66,2326.4,2327.42,16,0.01
6/27/2024 23:00,2326.66,2327.26,2325.8,2327.16,50,0.02
6/27/2024 22:30,2326.26,2327.04,2325.6,2326.81,55,0.02
6/27/2024 22:00,2326.5,2327.16,2325,2326.28,-22,-0.01
6/27/2024 21:00,2327.16,2327.26,2327.16,2327.26,10,0
6/27/2024 20:30,2325.88,2328.16,2325.66,2327.23,135,0.06
6/27/2024 20:00,2326,2326.84,2325.37,2325.93,-7,0
6/27/2024 19:30,2327,2327.09,2325.5,2325.99,-101,-0.04
6/27/2024 19:00,2326.25,2327.63,2325.7,2327.08,83,0.04
6/27/2024 18:30,2323.88,2326.32,2322.64,2326.11,223,0.1
6/27/2024 18:00,2325.7,2325.91,2322.6,2323.85,-185,-0.08
6/27/2024 17:30,2325.54,2326.94,2325,2325.78,24,0.01
6/27/2024 17:00,2325.62,2327.78,2324.33,2325.26,-36,-0.02
6/27/2024 16:30,2325.34,2326.45,2323.6,2325.24,-10,0
6/27/2024 16:00,2327.1,2328.2,2324.7,2325.34,-176,-0.08
6/27/2024 15:30,2326.98,2328.3,2324.9,2327.19,21,0.01
6/27/2024 15:00,2329.21,2330.71,2325.83,2326,-321,-0.14
6/27/2024 14:30,2324.32,2330.31,2323.91,2328.86,454,0.19
